url,keyword,volume,cpc,difficulty,bucket,index_state,impressions
https://theabdulrehman.com/blog/legacy-systems-block-ai-real-estate-costs,"what is technical debt",3600,2.57,1,real,indexed,0
https://primestrides.com/blog/5-mistakes-hiring-fractional-cto,"fractional cto",1600,32.57,59,real,unscanned,15
https://theabdulrehman.com/blog/ai-mvp-production-hell-saas,"AI Consulting jobs",1600,4.82,26,real,unscanned,0
https://theabdulrehman.com/blog/internal-dev-team-stuck-1990s-outsource-software-development-company,"outsource software development company",590,492.57,11,real,indexed,88
https://primestrides.com/blog/pharma-cio-ai-outsourcing-mistake,"outsource software development company",590,492.57,11,real,unscanned,0
https://primestrides.com/blog/digital-transformation-failure-lasting-value,"digital transformation consulting firms",590,13.88,1,real,unknown,0
https://theabdulrehman.com/blog/7-hidden-pitfalls-legacy-system-modernization,"Application modernization services",590,53.97,14,real,unscanned,0
https://theabdulrehman.com/blog/fintech-development-traps-startup-failure,"fintech software development company",480,53.7,26,modest,unscanned,0
https://theabdulrehman.com/blog/hobbyist-dev-team-killing-ai-support-fractional-cto-churn,"fractional CTO services",320,37.39,9,modest,indexed,14
https://theabdulrehman.com/blog/digital-transformation-fails-why,"digital transformation consulting services",320,61.41,6,modest,unscanned,0
https://primestrides.com/blog/luxury-e-commerce-fractional-cto,"fractional CTO services",320,37.39,9,modest,unknown,0
https://theabdulrehman.com/blog/your-off-the-shelf-crm-is-slowing-you-down,"crm development",320,300.79,26,modest,unscanned,0
https://theabdulrehman.com/blog/build-enterprise-software-growth-not-costs,"Custom enterprise software development",320,,19,modest,indexed,0
https://theabdulrehman.com/blog/7-hidden-red-flags-startup-mvp-development-company,"startup MVP development company",260,46.36,13,modest,indexed,30
https://primestrides.com/blog/why-ai-operations-tools-fail-reliability,"startup MVP development company",260,46.36,13,modest,unknown,0
https://primestrides.com/blog/enterprise-technical-debt-cost,"technical debt examples",210,0.19,2,modest,unknown,0
https://theabdulrehman.com/blog/why-custom-software-budget-explodes-accurate-estimates,"custom software development cost",170,4.06,2,modest,unscanned,4
https://primestrides.com/blog/dedicated-dev-team-trap-startup-guide,"hire dedicated software development team",170,,14,modest,unscanned,0
https://primestrides.com/blog/pre-exit-code-review-due-diligence-fail,"security code review",170,50.19,34,modest,unscanned,0
https://theabdulrehman.com/blog/why-off-the-shelf-workflow-software-fails-service-business,"workflow management software small business",140,47.33,22,modest,unscanned,0
https://primestrides.com/blog/build-saas-without-technical-debt,"saas product development company",140,35.04,15,modest,unknown,0
https://theabdulrehman.com/blog/generic-compliance-software-failure-banks,"compliance software companies",110,66.73,35,modest,indexed,0
https://theabdulrehman.com/blog/due-diligence-api-first-saas-exit,"api first approach",110,44.86,23,modest,unscanned,0
https://primestrides.com/blog/7-database-ai-mistakes-compliance-software,"compliance software companies",110,66.73,35,modest,unknown,0
https://primestrides.com/blog/hidden-500k-cost-bad-software-partnership,"software development partnership",110,59.33,3,modest,unscanned,0
https://theabdulrehman.com/blog/shipping-digital-products-that-grow-fast,"digital product development services",110,74.08,20,modest,unscanned,0
https://primestrides.com/blog/logistics-system-performance-traps-costing-millions,"website performance optimization services",90,65.45,3,modest,indexed,84
https://primestrides.com/blog/hidden-ai-code-gaps-costing-banks-millions,"code review services",90,19.57,23,modest,unscanned,0
https://theabdulrehman.com/blog/luxury-website-performance-killers,"website performance optimization services",90,65.45,3,modest,unscanned,0
https://primestrides.com/blog/how-to-choose-custom-crm-software-development-company,"custom crm software development company",90,225.9,9,modest,unscanned,0
https://theabdulrehman.com/blog/code-traps-killing-system-future-deep-review,"code review services",90,19.57,23,modest,unscanned,0
https://primestrides.com/blog/modernize-property-management-software-operations,"application modernization consulting",70,,3,modest,indexed,0
https://theabdulrehman.com/blog/your-1990s-support-tech-killing-customer-loyalty,"application modernization consulting",70,,3,modest,indexed,0
https://theabdulrehman.com/blog/virtual-cto-bespoke-ai-real-estate,"virtual cto services",70,24.72,27,modest,indexed,0
https://theabdulrehman.com/blog/property-software-costs-millions-asset-value,"commercial real estate software solutions",70,,0,modest,indexed,0
https://primestrides.com/blog/200k-mistake-property-directors-custom-ai-virtual-cto,"virtual cto services",70,24.72,27,modest,unknown,0
https://primestrides.com/blog/property-directors-off-the-shelf-software-mistake,"real estate software development solutions",70,,12,modest,unknown,0
https://theabdulrehman.com/blog/legacy-property-software-maintenance-trap-automation-secret,"real estate software development solutions",70,,12,modest,unscanned,0
https://theabdulrehman.com/blog/operations-platform-fast-tech-integration,"api first development",50,,23,modest,unscanned,1
https://theabdulrehman.com/blog/why-your-field-service-app-creates-more-work,"field service applications",50,295.09,39,modest,unscanned,0
https://theabdulrehman.com/blog/fixed-price-software-budget-explosion-20-year-systems,"fixed price software development",50,,0,modest,indexed,0
https://primestrides.com/blog/hidden-cost-broken-logistics-connections,"api first development",50,,23,modest,unscanned,0
https://primestrides.com/blog/fixed-price-software-valuation-trap,"fixed price software development",50,,0,modest,unknown,0
https://theabdulrehman.com/blog/building-profitable-ai-company-steps,"how to build an ai company",50,17.11,50,modest,unscanned,0
https://primestrides.com/blog/your-30-year-legacy-system-is-a-5m-maintenance-trap,"legacy system modernization approaches",50,43.57,34,modest,unscanned,0
https://theabdulrehman.com/blog/build-saas-without-technical-co-founder,"find technical co founder",40,17.41,49,tiny,unscanned,11
https://theabdulrehman.com/blog/hire-software-development-company-ai-support,"hire software development company",40,,2,tiny,unscanned,18
https://primestrides.com/blog/your-property-crm-killing-asset-value-fix-it,"real estate crm solutions",40,,0,tiny,unscanned,0
https://theabdulrehman.com/blog/why-banks-fixed-price-ai-projects-are-a-10m-mistake,"time and material software development",40,,,tiny,unscanned,0
https://primestrides.com/blog/time-and-material-operational-lag-cost-millions,"time and material software development",40,,,tiny,unknown,0
https://theabdulrehman.com/blog/the-hidden-reason-your-strategic-tech-partner-is-failing-ai-mandate,"strategic technology partners",40,,9,tiny,indexed,0
https://theabdulrehman.com/blog/ai-support-churn-3-mistakes,"how to choose a custom software development company",30,,0,tiny,unscanned,18
https://theabdulrehman.com/blog/500k-mistake-internal-dev-teams-unbreakable-support-tech,"dedicated development team model",30,,1,tiny,indexed,28
https://theabdulrehman.com/blog/software-rfp-security-risk-defense-tech,"software development rfp template",30,,8,tiny,indexed,132
https://theabdulrehman.com/blog/hiring-developers-luxury-digital-perfection,"how to hire programmers for a startup",30,,3,tiny,indexed,59
https://primestrides.com/blog/legacy-system-integrations-failing-build-to-last,"building automation system integration",30,,11,tiny,unscanned,0
https://primestrides.com/blog/property-management-ai-disconnected-costs,"property management ai software",30,256.24,18,tiny,unscanned,0
https://primestrides.com/blog/fractional-cto-for-startups,"Fractional CTO for startups",30,3.71,4,tiny,unknown,0
https://theabdulrehman.com/blog/property-tech-trapping-you-in-the-past,"property management ai software",30,256.24,18,tiny,indexed,0
https://primestrides.com/blog/why-enterprise-support-tech-fails,"how to choose a custom software development company",30,,0,tiny,unknown,0
https://theabdulrehman.com/blog/hidden-cloud-migration-costs,"cloud migration consulting firm",30,,0,tiny,unscanned,0
https://theabdulrehman.com/blog/why-internal-dev-ai-support-fails,"faster software development",20,,27,tiny,unscanned,9
https://theabdulrehman.com/blog/how-to-ship-world-class-customer-support-ai-faster,"fast software development",20,,27,tiny,unscanned,4
https://primestrides.com/blog/hidden-code-flaws-saas-acquisition-deal,"code review companies",20,21.15,30,tiny,indexed,75
https://theabdulrehman.com/blog/stop-luxury-sales-loss-slow-page-loads,"magento performance optimization services",20,,0,tiny,unscanned,0
https://primestrides.com/blog/defense-tech-code-breaches-find-them-before-50m-loss,"source code review services",20,,5,tiny,unscanned,0
https://primestrides.com/blog/defense-tech-software-vulnerabilities-secure-development-practices,"secure software development practices",20,49.66,35,tiny,unscanned,0
https://primestrides.com/blog/legacy-building-software-ai-integration-lease-premiums,"real estate software services",20,,0,tiny,unscanned,0
https://theabdulrehman.com/blog/your-platform-slowing-growth-not-what-you-think,"platform development services",20,29.68,50,tiny,unscanned,0
https://theabdulrehman.com/blog/predictive-tenant-ai-property-value,"what is data analytics platform",20,,0,tiny,unscanned,0
https://theabdulrehman.com/blog/cto-salary-startup-waste-smarter-play,"What is a CTO salary?",20,,2,tiny,unscanned,0
https://primestrides.com/blog/rapid-prototyping-china-hidden-risks-startup-roadmaps,"rapid prototyping services china",20,18.56,50,tiny,unknown,0
https://theabdulrehman.com/blog/net-monolith-code-review-migration-failure,"source code review services",20,,5,tiny,unscanned,0
https://theabdulrehman.com/blog/hidden-tech-debt-acquisition-risks,"Technical due diligence services",20,18.22,3,tiny,unscanned,0
https://theabdulrehman.com/blog/why-world-class-partner-breaks-customer-trust,"software consulting companies near me",20,17.63,94,tiny,unscanned,0
https://theabdulrehman.com/blog/enterprise-velocity-legacy-saas-features,"saas product development process",20,,0,tiny,unscanned,0
https://primestrides.com/blog/luxury-ai-personalization-headless-nextjs,"ai automation agency for small businesses",20,22.72,46,tiny,unscanned,0
https://theabdulrehman.com/blog/luxury-digital-flagship-hidden-security-risks,"secure software development practices",20,49.66,35,tiny,unscanned,0
https://primestrides.com/blog/siloed-enterprise-data-pharma-innovation-stalls,"real estate it solutions",20,,0,tiny,unscanned,0
https://primestrides.com/blog/why-power-app-scalability-debt,"build a power app",20,,19,tiny,unknown,0
https://theabdulrehman.com/blog/unlock-2x-faster-product-iteration-api-first,"api first development approach",10,,29,tiny,unscanned,2
https://theabdulrehman.com/blog/your-legacy-system-5-million-burden-migration-plan,"legacy system modernization case study",10,,0,tiny,unscanned,1050
https://theabdulrehman.com/blog/ai-support-1990s-churn-cost,"custom software for startups",10,,,tiny,unscanned,2
https://theabdulrehman.com/blog/invisible-code-risks-defense-contracts,"secure code review services",10,,6,tiny,unscanned,11
https://primestrides.com/blog/property-management-software-quickbooks-not-talking,"property management software quickbooks integration",10,,,tiny,indexed,42
https://theabdulrehman.com/blog/pharma-ai-gdpr-fines-unbreakable-governance,"gdpr compliance software development",10,,0,tiny,unscanned,42
https://theabdulrehman.com/blog/logistics-platform-crashes-peak-performance,"load testing services near me",10,9.94,67,tiny,indexed,40
https://theabdulrehman.com/blog/engineering-team-hypergrowth-readiness-assessment,"engineering readiness assessment team",10,,0,tiny,unscanned,2
https://theabdulrehman.com/blog/saas-development-lifecycle-healthtech-exit-valuation,"saas product development lifecycle",10,,0,tiny,indexed,19
https://theabdulrehman.com/blog/security-blind-spots-defense-contractors,"technical due diligence checklist excel",10,,,tiny,unscanned,0
https://primestrides.com/blog/how-to-build-profitable-ai-product-founders,"how to build an ai product",10,18.93,71,tiny,unknown,0
https://primestrides.com/blog/200k-mistake-hiring-lead-developer-cto,"how to hire lead developer startup company",10,,,tiny,unknown,0
https://theabdulrehman.com/blog/hidden-reason-custom-ai-tool-stalls,"rapid prototyping services india",10,,,tiny,unscanned,0
https://primestrides.com/blog/7-signs-underperforming-dev-team,"team development assessment",10,,14,tiny,unknown,0
https://theabdulrehman.com/blog/generic-staffing-fails-bank-compliance-automation,"andela alternatives",10,,4,tiny,unknown,0
https://primestrides.com/blog/defense-tech-app-hidden-backdoors-security-breach,"penetration testing services in india",10,,0,tiny,unscanned,0
https://theabdulrehman.com/blog/hiring-mistakes-startup-dev-teams,"how to hire software developers for startup",10,,52,tiny,unscanned,0
https://theabdulrehman.com/blog/ai-support-tools-outdated-architecture-review,"software architecture review board",10,,,tiny,unscanned,0
https://primestrides.com/blog/generic-it-consulting-saas-exit-valuation,"top it consulting firms in singapore",10,,43,tiny,unknown,0
https://theabdulrehman.com/blog/why-enterprise-solutions-fail-deliver-growth,"enterprise solutions consulting inc",10,,7,tiny,unscanned,0
https://primestrides.com/blog/offshore-code-maintenance-nightmare-principal-architects,"andela alternatives",10,,4,tiny,unknown,0
https://theabdulrehman.com/blog/legacy-system-migration-growth-bottleneck,"Who are the big 5 consultants?",10,,0,tiny,unscanned,0
https://primestrides.com/blog/luxury-digital-projects-drag-perfect-experiences-faster,"accelerate software development",10,,7,tiny,unknown,0
https://primestrides.com/blog/build-roblox-scale-ugc-platforms-high-performance-ai-architecture,"Developers for hire Roblox",10,15.96,60,tiny,unknown,0
https://primestrides.com/blog/enterprise-ai-projects-fail-ship,"building generative ai powered applications with python",10,,,tiny,unknown,0
https://primestrides.com/blog/ai-personalization-stalled-data-revenue,"reporting system and database development",10,,,tiny,unknown,0
https://primestrides.com/blog/why-rapid-prototyping-fails-startups,"rapid prototyping services india",10,,,tiny,unknown,0
https://primestrides.com/blog/saas-valuation-risk-spaghetti-code-exits,"api first development approach",10,,29,tiny,unknown,0
https://theabdulrehman.com/blog/hidden-cost-internal-dev-team,"team development assessment",10,,14,tiny,unknown,0
https://theabdulrehman.com/blog/cto-leadership-startup-without-salary,"Virtual CTO jobs",10,,14,tiny,unscanned,0
https://primestrides.com/blog/hiring-node-js-partner-legacy-migration-200k-mistake-architects,"node js development company in bangalore",10,,,tiny,unknown,0
https://primestrides.com/blog/basic-load-testing-dangerous-lie-startups,"load testing services near me",10,9.94,67,tiny,unknown,0
https://primestrides.com/blog/ai-integrations-supply-chain-security-gaps,"secure application development process",10,,,tiny,indexed,0
https://primestrides.com/blog/luxury-digital-flagship-revenue-nextjs-ai,"ecommerce website development cost in india",10,,0,tiny,unknown,0
https://theabdulrehman.com/blog/luxury-ecommerce-payment-gateway-hidden-costs-mistakes,"payment gateway development cost in india",10,,,tiny,unscanned,0
https://theabdulrehman.com/blog/bank-app-data-leak-risk,"secure application development process",10,,,tiny,unknown,0
https://primestrides.com/blog/7-hidden-signs-software-project-failing,"Software project rescue services",10,12.06,40,tiny,unknown,0
https://primestrides.com/blog/enterprise-legacy-system-modernization-nextjs,"enterprise solutions consulting llc",10,,12,tiny,unknown,0
https://primestrides.com/blog/why-off-the-shelf-software-is-a-trap-for-startups,"custom software for startups",10,,,tiny,unknown,0
https://theabdulrehman.com/blog/hidden-software-flaws-defense-contracts,"gdpr compliance checklist for software development",10,17.74,86,tiny,unscanned,0
https://primestrides.com/blog/why-flutter-app-is-slow-beyond-code,"improve flutter app performance",10,,,tiny,unknown,0
https://theabdulrehman.com/blog/why-digital-flagship-broken-generic-dev-platforms,"gigster alternatives",10,,5,tiny,unknown,0
https://primestrides.com/blog/hidden-questions-software-partner-legacy-migration,"technical due diligence checklist pdf",10,,,tiny,unknown,0
https://primestrides.com/blog/gigster-alternatives-dev-projects-failing,"gigster alternatives",10,,5,tiny,unscanned,0
https://primestrides.com/blog/250k-staffing-mistake-vps-make,"staff augmentation vs staffing",10,,7,tiny,indexed,0
https://primestrides.com/blog/defense-ai-secure-modernization-no-breaches,"legacy system modernization case study",10,,0,tiny,indexed,0
https://theabdulrehman.com/blog/stop-churn-avoid-software-partner-traps,"software development companies in pune",10,,2,tiny,unscanned,0
https://primestrides.com/blog/build-strong-systems-ship-faster-api-first,"api first driven development",10,,,tiny,unknown,0
https://theabdulrehman.com/blog/automate-recruiting-app-workflows-cut-hiring-time,"automate business processes for a recruiting app",10,,,tiny,unscanned,0
https://primestrides.com/blog/internal-ai-research-tools-stall,"saas product development framework",10,,0,tiny,unknown,0
https://theabdulrehman.com/blog/why-telecom-support-systems-break,"building automation system integration with open protocols",10,3.71,63,tiny,unknown,0
https://primestrides.com/blog/secure-ai-project-domain-driven-security-breach-risk,"domain driven design consulting",10,,,tiny,unknown,0
https://theabdulrehman.com/blog/compliance-tech-national-security-risk,"compliance tech companies",10,21,94,tiny,unscanned,0
https://primestrides.com/blog/fixed-price-agile-20-year-system-longevity,"fixed price contract agile software development",10,,,tiny,unknown,0
https://theabdulrehman.com/blog/fixed-price-agile-contracts-illusion-what-to-do-instead,"fixed price contract agile software development",10,,,tiny,unscanned,0
https://primestrides.com/blog/legacy-system-documentation-saves-millions,"performance technical documentation services",10,,,tiny,unknown,0
https://primestrides.com/blog/the-500k-mistake-payment-gateway-estimates,"payment gateway development cost in india",10,,,tiny,unscanned,0
https://theabdulrehman.com/blog/why-ops-dashboards-miss-inventory-signals,"reporting system and database development",10,,,tiny,unscanned,0
https://theabdulrehman.com/blog/inventory-stockouts-bleeding-millions-realtime-ai-mission-control,"avoiding lost sales due to inventory shortages ai",,,,phantom,indexed,21
https://theabdulrehman.com/blog/legacy-telecom-support-bleeding-millions,".NET frontend re-platforming for Series B exit",,,,phantom,indexed,16
https://theabdulrehman.com/blog/eu-startups-global-senior-engineering-talent,"eu software developer",,,,phantom,unscanned,3
https://theabdulrehman.com/blog/property-deals-stall-bespoke-ai-asset-value,"real estate brokerage software solutions",,,,phantom,indexed,28
https://theabdulrehman.com/blog/ai-inventory-predictions-late-monolith-microservices,"monolith to microservices migration for ai velocity",,,,phantom,unscanned,3
https://primestrides.com/blog/logistics-inventory-peak-season-failure-not-just-data,"Reduce enterprise lost sales inventory problems",,,,phantom,indexed,162
https://theabdulrehman.com/blog/defense-tech-stack-liability,"clean up tech stack before exit",,,,phantom,indexed,49
https://theabdulrehman.com/blog/preventing-global-supply-chain-halts-legacy-migration,"how to hire developers for startups",,,,phantom,indexed,16
https://theabdulrehman.com/blog/ai-banking-compliance-failures-millions,"financial impact of non compliance ai banking",,,,phantom,indexed,27
https://primestrides.com/blog/hidden-ai-compliance-risks-pharma,"Prevent regulatory fines with AI compliance",,,,phantom,indexed,6
https://primestrides.com/blog/luxury-inventory-ai-perfection-avoiding-lost-sales,"AI inventory optimization for retail logistics",,,,phantom,unscanned,6
https://theabdulrehman.com/blog/robotic-ai-support-churn-fix,"top ai development companies in saudi arabia",,,,phantom,indexed,2
https://theabdulrehman.com/blog/internal-dev-teams-break-support-tools-retainer-stops-churn,"software developer retainer agreement",,,,phantom,indexed,24
https://theabdulrehman.com/blog/ai-customer-support-fails-connect,"react native app development ai",,,,phantom,unscanned,4
https://theabdulrehman.com/blog/ai-support-sounds-robotic-human-connections,"cto consulting for ai strategy and implementation",,,,phantom,indexed,48
https://theabdulrehman.com/blog/property-portfolio-valuation-custom-ai-premium,"commercial real estate portfolio valuation boost tech",,,,phantom,indexed,21
https://theabdulrehman.com/blog/how-to-build-ai-compliance-systems-without-data-leaks,"Financial services AI compliance implementation",,,,phantom,unscanned,2
https://theabdulrehman.com/blog/enterprise-exit-valuation-risk-nextjs-migration,"Next.js migration strategy for enterprise exit",,,,phantom,indexed,32
https://primestrides.com/blog/bank-ai-security-owasp-safeguards,"secure software development best practices owasp",,,,phantom,indexed,129
https://theabdulrehman.com/blog/ai-kyc-aml-compliance-fines-insurance,"ai solution for preventing kyc aml compliance fines",,,,phantom,indexed,19
https://theabdulrehman.com/blog/unblocking-pharma-ai-projects,"strategic cto consulting internal IT resistance",,,,phantom,unknown,3
https://primestrides.com/blog/legacy-defense-code-acquisition-problem-rebuilding,"software re-platforming for acquisition valuation",,,,phantom,unscanned,2
https://theabdulrehman.com/blog/telecom-customer-churn-it-strategy-mistake,"strategic IT transformation leadership for growth",,,,phantom,indexed,23
https://theabdulrehman.com/blog/custom-ai-research-tool-development-traps,"how to reduce app development costs",,,,phantom,indexed,14
https://theabdulrehman.com/blog/fractional-cto-services-cost-budget-mistakes,"fractional CTO services cost",,,,phantom,unscanned,1
https://theabdulrehman.com/blog/hidden-logistics-costs-realtime-ai,"reducing logistics operational costs with real-time ai",,,,phantom,indexed,11
https://theabdulrehman.com/blog/defense-tech-secure-frontend-replatforming,"Enterprise frontend re-platforming for scalability",,,,phantom,unscanned,1
https://theabdulrehman.com/blog/pharma-inventory-ai-software-saves-millions,"AI driven inventory optimization software cost",,,,phantom,indexed,11
https://theabdulrehman.com/blog/why-api-first-fails-growth-potential,"api first development strategy",,,,phantom,unscanned,4
https://theabdulrehman.com/blog/ai-kyc-aml-cost-reduction-traps,"ai automation for kyc aml cost reduction",,,,phantom,indexed,283
https://theabdulrehman.com/blog/digital-flagship-luxury-performance-brand-vibe,"digital product strategy consulting",,,,phantom,indexed,8
https://theabdulrehman.com/blog/saas-dev-partner-acquisition-valuation,"tech vendor selection consulting",,,,phantom,indexed,21
https://theabdulrehman.com/blog/software-engineer-hourly-rate-sri-lanka-value,"software engineer hourly rate in sri lanka",,,,phantom,indexed,933
https://primestrides.com/blog/enterprise-churn-human-like-ai-support,"revenue loss due to high commercial tenant churn",,,,phantom,indexed,79
https://primestrides.com/blog/cloud-migration-resistance-defense-security,"overcoming internal IT resistance to cloud migration",,,,phantom,indexed,1
https://theabdulrehman.com/blog/telecom-internal-dev-churn-mistake,"white label software engineering",,,,phantom,indexed,10
https://theabdulrehman.com/blog/2-million-mistake-internal-dev-team-managed-services-churn,"managed development services",,,,phantom,indexed,18
https://primestrides.com/blog/pharma-ai-technical-debt-valuation-drain,"financial impact of technical debt on valuation",,,,phantom,unscanned,4
https://primestrides.com/blog/why-technical-co-founder-search-fails,"best way to find a technical co founder",,,,phantom,unscanned,4
https://theabdulrehman.com/blog/build-startup-full-stack-scales-without-rework,"startup full stack development",,,,phantom,unscanned,127
https://theabdulrehman.com/blog/stop-wasting-money-generic-software-rfps-attract-bespoke-ai-solution,"software development rfp example",,,,phantom,indexed,46
https://theabdulrehman.com/blog/luxury-brands-ai-inventory-mistakes,"ai driven inventory forecasting system development",,,,phantom,indexed,19
https://theabdulrehman.com/blog/support-tech-churn-delay,"cost of delaying software refactoring pre-exit",,,,phantom,indexed,58
https://theabdulrehman.com/blog/inventory-software-failing-predict-shortages,"customer reviews for inventory management software",,,,phantom,unscanned,2
https://theabdulrehman.com/blog/ai-support-churn-internal-dev-trap,"facilitating software architecture review",,,,phantom,unscanned,6
https://theabdulrehman.com/blog/2m-security-blind-spot-logistics-breach-close-fast,"penetration testing services in uae",,,,phantom,indexed,19
https://theabdulrehman.com/blog/ai-inventory-predictions-data-traps,"predictive ai for critical inventory shortage prevention",,,,phantom,indexed,5
https://theabdulrehman.com/blog/pharma-supply-chain-risk-ai,"reduce supply chain operational risk with AI",,,,phantom,indexed,171
https://theabdulrehman.com/blog/legacy-dotnet-ai-security-gaps-bank,".NET to Next.js migration partner for enterprise",,,,phantom,indexed,29
https://theabdulrehman.com/blog/stop-hiring-generic-ai-dev-teams-hidden-cost-robotic-support-churn,"software development firm comparison",,,,phantom,indexed,60
https://primestrides.com/blog/unlock-clinical-data-insights-without-disruption,"Technical re-platforming for acquisition valuation",,,,phantom,indexed,16
https://theabdulrehman.com/blog/net-monolith-ai-migration-mistake,"strategic partner for AI integration in monolithic systems",,,,phantom,indexed,21
https://theabdulrehman.com/blog/luxury-site-slowness-costing-millions,"cloud architecture review services",,,,phantom,indexed,19
https://theabdulrehman.com/blog/stop-wasting-millions-ai-pharma-breakthroughs,"cto advisory for strategic technology adoption",,,,phantom,indexed,20
https://primestrides.com/blog/why-bank-kyc-aml-spend-not-ai-problem,"preventable KYC AML costs automation",,,,phantom,unknown,1
https://theabdulrehman.com/blog/luxury-digital-flagship-hidden-costs,"financial impact of technical debt on valuation",,,,phantom,unscanned,1
https://theabdulrehman.com/blog/3-mvp-mistakes-property-directors-lose-ai-advantage,"best mvp development companies in pakistan",,,,phantom,indexed,11
https://theabdulrehman.com/blog/why-1990s-support-tech-burns-2m-churn,"cto advisory for accelerating AI roadmap",,,,phantom,indexed,15
https://theabdulrehman.com/blog/legacy-system-ai-cost-blockade,"Cost of delaying AI integration legacy systems",,,,phantom,indexed,5
https://theabdulrehman.com/blog/digital-transformation-property-development-mistake,"Fractional CTO for digital transformation leadership",,,,phantom,unscanned,0
https://primestrides.com/blog/offshore-development-mistakes-20-year-systems,"nearshore vs offshore software development",,,,phantom,unknown,0
https://primestrides.com/blog/hidden-security-flaws-legacy-code-costing-millions,"secure source code review services",,,,phantom,unknown,0
https://theabdulrehman.com/blog/virtual-cto-india-hidden-truth,"virtual cto services in india",,,,phantom,unscanned,0
https://primestrides.com/blog/ciso-unvetted-ai-5m-mistake,"risk of unvetted AI in financial compliance",,,,phantom,unscanned,0
https://primestrides.com/blog/predictive-logistics-ai-signals,"logistics software product strategy consulting",,,,phantom,unknown,0
https://theabdulrehman.com/blog/bank-ai-data-leaks-engineering-security,"cto consulting ai risk management financial sector",,,,phantom,unscanned,0
https://theabdulrehman.com/blog/api-first-software-development-20-year-design,"api first software development",,,,phantom,unknown,0
https://theabdulrehman.com/blog/defense-tech-app-vulnerabilities-50m-contracts,"secure application development practices",,,,phantom,unscanned,0
https://primestrides.com/blog/legacy-property-software-tenant-churn,"legacy .NET modernization for AI acceleration",,,,phantom,unknown,0
https://theabdulrehman.com/blog/luxury-e-commerce-ai-shift,"supply chain ai optimization consultant for retailers",,,,phantom,unscanned,0
https://primestrides.com/blog/ai-integration-legacy-logistics-supply-chain,"supply chain AI system development expertise",,,,phantom,unknown,0
https://primestrides.com/blog/ai-inventory-optimization-prevent-lost-sales,"AI inventory optimization to prevent lost sales",,,,phantom,unknown,0
https://primestrides.com/blog/logistics-digital-transformation-stalls,"cto consulting for logistics digital transformation",,,,phantom,unknown,0
https://theabdulrehman.com/blog/insurance-legacy-system-hidden-liability,"technical debt cleanup for acquisition valuation",,,,phantom,indexed,0
https://theabdulrehman.com/blog/why-ai-business-plan-fails-how-to-make-it-work,"business process automation development company",,,,phantom,unscanned,0
https://theabdulrehman.com/blog/hidden-costs-digital-modernization-consulting-10-year-roadmap,"CTO consulting rates for digital transformation",,,,phantom,unscanned,0
https://primestrides.com/blog/technical-cofounder-search-stalling-startup-alternative,"how to find a technical cofounder reddit",,,,phantom,unknown,0
https://primestrides.com/blog/build-scalable-saas-architecture-10x-growth,"scalable software architecture consulting",,,,phantom,unknown,0
https://theabdulrehman.com/blog/enterprise-software-modernization-budget,"enterprise software modernization services",,,,phantom,unscanned,0
https://primestrides.com/blog/ai-prevents-pharma-research-delays,"ai driven inventory forecasting system development",,,,phantom,unknown,0
https://primestrides.com/blog/digital-transformation-valuation-gap,"Fractional CTO for digital transformation leadership",,,,phantom,unknown,0
https://primestrides.com/blog/hidden-costs-cheap-software-engineer-rates-saas-exit,"software engineer hourly rate in india",,,,phantom,unknown,0
https://theabdulrehman.com/blog/kyc-aml-automation-strategy-bank-failure,"KYC AML automation strategy for large banks",,,,phantom,indexed,0
https://primestrides.com/blog/how-to-migrate-legacy-system-without-crushing-operations,"legacy system migration consultant",,,,phantom,unknown,0
https://theabdulrehman.com/blog/rapid-clean-mvp-development-secret,"rapid mvp development services",,,,phantom,indexed,0
https://primestrides.com/blog/ai-inventory-predictions-luxury-retail-failure-fix,"AI predictive inventory optimization retail",,,,phantom,unknown,0
https://theabdulrehman.com/blog/pharma-breakthroughs-legacy-data-ai,"cto for .net modernization and ai strategy",,,,phantom,unscanned,0
https://primestrides.com/blog/tenant-churn-ai-commercial-real-estate,"AI driven tenant churn prediction software development",,,,phantom,unknown,0
https://theabdulrehman.com/blog/increase-startup-valuation-technical-debt-defuse-legacy-system,"increase startup valuation technical debt",,,,phantom,unscanned,0
https://primestrides.com/blog/ai-initiatives-fail-legacy-systems,"CTO consulting to unblock AI initiatives",,,,phantom,unknown,0
https://primestrides.com/blog/startup-tech-partner-not-delivering,"tech partner for startups",,,,phantom,unknown,0
https://theabdulrehman.com/blog/the-50m-ai-mistake-defense-contractors-make,"De-risk enterprise AI implementation legacy systems",,,,phantom,unscanned,0
https://primestrides.com/blog/higher-lease-rates-smart-building-secret,"increasing property valuation with smart building tech",,,,phantom,unscanned,0
https://primestrides.com/blog/fragmented-compliance-cost-global-logistics,"compliance software value consulting",,,,phantom,unknown,0
https://primestrides.com/blog/ai-project-security-breach-risk-defense-tech,"expert ai security strategy for banking",,,,phantom,unknown,0
https://theabdulrehman.com/blog/pick-mvp-partner-legacy-ai-fast,"top mvp development companies 2025",,,,phantom,unscanned,0
https://primestrides.com/blog/logistics-modernization-stalled-costing-2m-annually,"Technical debt reduction for acquisition",,,,phantom,unknown,0
https://primestrides.com/blog/hidden-architectural-debt-m-and-a-value,"Technical due diligence for M&A integration",,,,phantom,indexed,0
https://primestrides.com/blog/eastern-europe-game-dev-team-mistakes,"eastern europe game developers",,,,phantom,unknown,0
https://theabdulrehman.com/blog/legacy-stack-ai-velocity,"ai accelerated software development",,,,phantom,indexed,0
https://theabdulrehman.com/blog/exit-value-drop-replatforming-legacy-tech,"Technical re-platforming for acquisition valuation",,,,phantom,indexed,0
https://primestrides.com/blog/ai-unbreakable-drug-supply-chain-resilience,"avoiding lost sales due to inventory shortages ai",,,,phantom,unscanned,0
https://primestrides.com/blog/ai-innovation-technical-debt-traps,"cost of technical debt on startup acquisition valuation",,,,phantom,unknown,0
https://theabdulrehman.com/blog/mumbai-logistics-software-stuck,"logistics software development company mumbai",,,,phantom,unscanned,0
https://primestrides.com/blog/ai-inventory-forecasting-mistake-ops-leaders,"ai inventory forecasting system implementation cost",,,,phantom,unknown,0
https://theabdulrehman.com/blog/ai-rollout-legacy-system-fixes,"accelerating enterprise ai adoption legacy systems",,,,phantom,unscanned,0
https://primestrides.com/blog/predict-supply-chain-shortages-save-millions,"predictive analytics for supply chain efficiency",,,,phantom,unknown,0
https://primestrides.com/blog/build-20-year-enterprise-system-boosts-valuation,"software modernization to increase company valuation",,,,phantom,indexed,0
https://theabdulrehman.com/blog/your-legacy-systems-silently-killing-retail-growth,"enterprise legacy system modernization for growth",,,,phantom,unscanned,0
https://primestrides.com/blog/luxury-brand-digital-promise-breaking,"Real-time supply chain visibility software",,,,phantom,unknown,0
https://primestrides.com/blog/why-software-rfp-attracts-wrong-partners,"software development rfp example",,,,phantom,unknown,0
https://theabdulrehman.com/blog/hidden-technical-debt-luxury-brand-digital-vibe-fix,"Technical debt reduction for acquisition",,,,phantom,unscanned,0
https://primestrides.com/blog/architecture-reviews-accelerate-development,"facilitating software architecture review",,,,phantom,unknown,0
https://theabdulrehman.com/blog/scaling-enterprise-ai-support,"senior development partner for scaling tech stack",,,,phantom,unscanned,0
https://primestrides.com/blog/secure-ai-project-national-security-breach-safeguards,"secure AI for regulatory compliance consulting",,,,phantom,unscanned,0
https://primestrides.com/blog/ai-logistics-peak-season-reliability,"ai driven logistics optimization software development",,,,phantom,unknown,0
https://theabdulrehman.com/blog/healthtech-exit-risk-legacy-frontend-fix,"software modernization to increase company valuation",,,,phantom,unscanned,0
https://primestrides.com/blog/technical-co-founder-expertise-without-equity,"technical co-founder services",,,,phantom,unknown,0
https://theabdulrehman.com/blog/2m-cost-developers-logistics-ai-ops-tools,"accelerate software engineering",,,,phantom,unscanned,0
https://primestrides.com/blog/smart-building-ai-legacy-modernization,"legacy .NET modernization for AI velocity",,,,phantom,unknown,0
https://primestrides.com/blog/logistics-operations-bleeding-millions-ai-integration-mistakes,"reducing logistics operational costs with real-time ai",,,,phantom,unscanned,0
https://primestrides.com/blog/board-mandated-ai-project-legacy-data-silos,"supply chain ai optimization consultant for retailers",,,,phantom,unknown,0
https://theabdulrehman.com/blog/why-enterprise-ai-support-failing-customer-loyalty,"rescue failing AI software project",,,,phantom,unscanned,0
https://theabdulrehman.com/blog/saas-architecture-grows-millions-without-costly-rework,"software architecture consulting firms",,,,phantom,unscanned,0
https://primestrides.com/blog/ai-react-native-app-failure-avoidance,"react native app development ai",,,,phantom,unknown,0
https://theabdulrehman.com/blog/pharma-ai-data-platform-stalls-unlock-breakthroughs,"scale-up software development services",,,,phantom,indexed,0
https://theabdulrehman.com/blog/pharma-ai-insights-tech-partners-dont-speak-science,"strategic tech partner for legacy system modernization",,,,phantom,unknown,0
https://primestrides.com/blog/enterprise-ai-roadmap-legacy-debt,"cto for enterprise ai roadmap",,,,phantom,unknown,0
https://primestrides.com/blog/ai-intelligence-assistant-national-security-liability,"risk of unvetted ai in banking compliance",,,,phantom,unscanned,0
https://theabdulrehman.com/blog/architecture-flaws-pharma-breakthroughs,"Strategic software architecture review for scale",,,,phantom,unscanned,0
https://theabdulrehman.com/blog/how-defense-tech-builds-secure-ai-without-cloud-vulnerabilities,"actionable enterprise cybersecurity strategy development",,,,phantom,unscanned,0
https://theabdulrehman.com/blog/outdated-support-tech-churn-stop,"enterprise software consulting firms",,,,phantom,indexed,0
https://theabdulrehman.com/blog/property-tech-5-million-dollar-mistake-exit-value,"technical due diligence to maximize exit value",,,,phantom,indexed,0
https://theabdulrehman.com/blog/why-generic-devs-cost-logistics-millions,"Software development with logistics domain expertise",,,,phantom,unscanned,0
https://theabdulrehman.com/blog/unlock-faster-drug-discovery-ai-science,"CTO advisory for enterprise AI integration",,,,phantom,unscanned,0
https://primestrides.com/blog/unseen-security-gaps-defense-tech-acquisition,"cto consulting pre series b technical due diligence",,,,phantom,unknown,0
https://primestrides.com/blog/bank-manual-kyc-aml-drain-deeper-risk-eliminate,"eliminate $10m manual kyc aml costs",,,,phantom,unknown,0
https://theabdulrehman.com/blog/why-pharma-ai-breakthroughs-trapped-old-systems,"accelerate AI adoption with legacy system re-platforming",,,,phantom,unscanned,0
https://primestrides.com/blog/why-european-dev-search-fails-fix,"european software developers",,,,phantom,unknown,0
https://primestrides.com/blog/7-valuation-killers-legacy-net-monolith,"Next.js migration for enterprise valuation increase",,,,phantom,unknown,0
https://theabdulrehman.com/blog/secure-ai-legacy-defense-risk,"reliable AI integration for .NET monolith",,,,phantom,unscanned,0
https://theabdulrehman.com/blog/biotech-acquisition-value-leak,"software modernization strategy pre-acquisition",,,,phantom,unscanned,0
https://theabdulrehman.com/blog/7-hidden-architecture-flaws-enterprise-growth,"enterprise software architecture consulting",,,,phantom,unscanned,0
https://theabdulrehman.com/blog/modernization-efforts-failing-internal-resistance,"overcoming internal IT resistance to change technology",,,,phantom,unscanned,0
https://theabdulrehman.com/blog/luxury-brand-digital-vibe-strategic-hire,"how to hire a fractional cto",,,,phantom,indexed,0
https://theabdulrehman.com/blog/ai-inventory-predictions-fail,"supply chain predictive analytics software development",,,,phantom,unscanned,0
https://theabdulrehman.com/blog/how-to-ship-stalled-software-project-without-excuses,"software project audit and recovery",,,,phantom,unscanned,0
https://primestrides.com/blog/hidden-costs-outdated-property-management-ai,"AI driven predictive maintenance commercial real estate",,,,phantom,unknown,0
https://primestrides.com/blog/insurance-company-valuation-risk-technical-debt-traps,"technical debt valuation impact pre acquisition",,,,phantom,unscanned,0
https://primestrides.com/blog/hidden-cost-lagging-logistics-data,"logistics software development dubai",,,,phantom,unknown,0
https://primestrides.com/blog/why-enterprise-systems-lag-peak-season-not-old-code,"enterprise software modernization services",,,,phantom,unscanned,0
https://theabdulrehman.com/blog/owasp-traps-defense-tech-security,"secure software development best practices owasp",,,,phantom,unscanned,0
https://theabdulrehman.com/blog/internal-it-blocks-automation-progress,"expert cto services for internal it resistance",,,,phantom,unscanned,0
https://primestrides.com/blog/why-best-mvp-company-pakistan-costly-mistake,"best mvp development companies in pakistan",,,,phantom,unknown,0
https://primestrides.com/blog/cloud-kyc-aml-automation-trap-defense-contractors-millions,"financial institution kyc aml automation cost savings",,,,phantom,unknown,0
https://theabdulrehman.com/blog/unlock-millions-hidden-value-custom-property-tech,"software asset valuation",,,,phantom,unscanned,0
https://theabdulrehman.com/blog/pharma-breakthroughs-stuck-data-silos,"technical debt impact on series b valuation",,,,phantom,unscanned,0
https://theabdulrehman.com/blog/customer-support-technical-debt-cost-millions,"increase company valuation technical debt remediation",,,,phantom,unscanned,0
https://theabdulrehman.com/blog/internal-it-ai-resistance-cto-guide,"cto services to overcome internal IT inertia",,,,phantom,unscanned,0
https://primestrides.com/blog/your-banks-ai-kyc-aml-project-will-trigger-a-4-5m-fine,"preventing kyc aml regulatory fines with ai",,,,phantom,unscanned,0
https://theabdulrehman.com/blog/prevent-peak-revenue-loss-ai-inventory-forecasting,"AI forecasting solution to prevent inventory shortages",,,,phantom,unscanned,0
https://primestrides.com/blog/7-hidden-technical-due-diligence-steps,"technical due diligence checklist template",,,,phantom,unknown,0
https://theabdulrehman.com/blog/failed-ai-support-project-churn-fix,"failed AI integration recovery partner .NET",,,,phantom,unscanned,0
https://primestrides.com/blog/property-portfolio-value-stalls,"Increase startup exit value through tech modernization",,,,phantom,indexed,0
https://theabdulrehman.com/blog/automation-projects-failing-ship-systems,"process automation development",,,,phantom,unscanned,0
https://primestrides.com/blog/cut-cloud-costs-tech-stack-optimization,"tech stack optimization consultant",,,,phantom,unknown,0
https://theabdulrehman.com/blog/ai-velocity-pharma-developers-secret,"CTO consulting for enterprise AI velocity",,,,phantom,unscanned,0
https://theabdulrehman.com/blog/prevent-stockout-losses-ai-supply-chain,"supply chain AI strategy for reducing stockouts",,,,phantom,indexed,0
https://theabdulrehman.com/blog/secure-ai-implementation-strategy-financial-services,"secure ai implementation strategy financial services",,,,phantom,unscanned,0
https://primestrides.com/blog/reduce-bank-compliance-costs-secure-ai,"optimizing financial compliance costs AI",,,,phantom,unknown,0
https://theabdulrehman.com/blog/why-enterprise-support-tech-feels-1990s,"tech partner for startups",,,,phantom,indexed,0
https://primestrides.com/blog/align-enterprise-engineering-migration-unreadable-code,"cto consultant for internal tech team alignment",,,,phantom,unknown,0
https://primestrides.com/blog/it-modernization-adoption-stalling,"CTO leadership for IT modernization adoption",,,,phantom,unknown,0
https://primestrides.com/blog/ai-governance-legacy-mess,"CTO consulting for AI governance in banking",,,,phantom,unscanned,0
https://primestrides.com/blog/ai-connection-legacy-systems-no-new-mess,"strategic AI integration for complex .NET",,,,phantom,unknown,0
https://primestrides.com/blog/bank-kyc-aml-automation-stalls,"business case for automated KYC AML",,,,phantom,unknown,0
https://primestrides.com/blog/hidden-cost-off-shelf-automation,"process automation development",,,,phantom,unknown,0
https://theabdulrehman.com/blog/multi-million-dollar-cost-messy-code-saas-founders,"Next.js modernization for enterprise exit strategy",,,,phantom,unscanned,0
https://primestrides.com/blog/7-missteps-ai-integration-property-systems,"CTO consulting for AI strategy in legacy environments",,,,phantom,unknown,0
https://primestrides.com/blog/regulatory-tech-strategy-liability-not-shield,"CTO consulting financial regulatory tech strategy",,,,phantom,unknown,0
https://primestrides.com/blog/2m-mistake-ops-critical-migrations,"preventing critical software migration failures",,,,phantom,unscanned,0
https://theabdulrehman.com/blog/logistics-software-bleeding-millions-peak-season,"logistics software development dubai",,,,phantom,indexed,0
https://primestrides.com/blog/smart-building-ai-stalls-beyond-budget,"CTO advisor overcoming internal tech resistance",,,,phantom,unknown,0
https://theabdulrehman.com/blog/secure-ai-intelligence-defense,"Reduce manual KYC AML operational costs",,,,phantom,unknown,0
https://primestrides.com/blog/generic-software-vendors-defense-tech-risk,"Evaluating software development vendors for large projects",,,,phantom,indexed,0
https://theabdulrehman.com/blog/bank-ai-kyc-regulatory-risk-stress-testing,"performance testing services in india",,,,phantom,unscanned,0
https://primestrides.com/blog/luxury-ecommerce-frontend-modernization-exit-value,".net frontend modernization for startup exit strategy",,,,phantom,unscanned,0
https://primestrides.com/blog/healthtech-saas-valuation-growth,"cto advisory for pre series b funding",,,,phantom,unknown,0
https://theabdulrehman.com/blog/ai-risks-legacy-banking-systems,"mitigating AI integration failure risk legacy tech",,,,phantom,unscanned,0
https://theabdulrehman.com/blog/bank-ai-data-leak-governance,"CTO consulting for AI governance in banking",,,,phantom,indexed,0
https://primestrides.com/blog/failed-ai-project-recovery-net,"failed AI project recovery .NET",,,,phantom,unknown,0
https://primestrides.com/blog/pharma-ai-data-overload-operational-costs,"reduce bank compliance operational overhead AI",,,,phantom,unscanned,0
https://primestrides.com/blog/how-to-ship-saas-mvp-faster-ultimate-guide,"fast mvp development",,,,phantom,unknown,0
https://primestrides.com/blog/secure-ai-bank-compliance-automation,"Automated KYC/AML solution for financial institutions",,,,phantom,unknown,0
https://theabdulrehman.com/blog/pre-exit-tech-stack-overhaul-valuation,"Pre-exit tech stack overhaul",,,,phantom,unscanned,0
https://primestrides.com/blog/legacy-code-saas-valuation-killer,"technical debt reduction for startup acquisition",,,,phantom,unknown,0
https://primestrides.com/blog/secure-software-project-deadlines-cost-budget,"financial cost of slow software development velocity",,,,phantom,unscanned,0
https://theabdulrehman.com/blog/hidden-security-flaws-precision-code-review-banking,"secure source code review services",,,,phantom,indexed,0
https://primestrides.com/blog/legacy-ecommerce-backend-ai-workflows,"ai workflow automation for small business",,,,phantom,unscanned,0
https://primestrides.com/blog/real-time-inventory-dashboard-peak-season-failure,"logistics software development company in india",,,,phantom,unknown,0
https://theabdulrehman.com/blog/outdated-support-tech-churn,"ai in legacy system modernization",,,,phantom,unscanned,0
https://primestrides.com/blog/hidden-costs-logistics-software-development,"logistics software development cost",,,,phantom,unknown,0
https://primestrides.com/blog/why-internal-support-tools-cost-millions-churn,"Strategic technical partner for internal IT transformation",,,,phantom,unknown,0
https://primestrides.com/blog/future-proof-property-ai-automation,"automate business processes with flow builder",,,,phantom,unknown,0
https://theabdulrehman.com/blog/vet-white-label-neobank-platforms-hidden-traps,"white label neobank software developers",,,,phantom,unscanned,0
https://theabdulrehman.com/blog/how-to-build-secure-on-prem-ai-for-sensitive-intelligence,"enterprise software development for faster AI adoption",,,,phantom,unscanned,0
https://theabdulrehman.com/blog/ai-inventory-forecasting-system-implementation-cost-hidden-costs,"ai inventory forecasting system implementation cost",,,,phantom,unscanned,0
https://primestrides.com/blog/legacy-system-time-bomb-hidden-debt,"tech debt reduction for acquisition valuation",,,,phantom,indexed,0
https://primestrides.com/blog/peak-season-system-lag-not-traffic,"load testing center",,,,phantom,unknown,0
https://theabdulrehman.com/blog/nextjs-migration-property-portfolio-exit-value,"Next.js migration for M&A valuation",,,,phantom,indexed,0
https://primestrides.com/blog/api-strategy-strangle-legacy-debt,"api first development strategy",,,,phantom,unknown,0
https://theabdulrehman.com/blog/legacy-systems-bleeding-millions-operational-costs,"Boosting company valuation through software modernization",,,,phantom,unscanned,0
https://primestrides.com/blog/api-first-secure-ai-intelligence-data,"api first software development",,,,phantom,unknown,0
https://primestrides.com/blog/the-20-year-codebase-enterprise-applications,"secure application development practices",,,,phantom,unknown,0
https://primestrides.com/blog/enterprise-velocity-stalls-not-just-technical-debt,"CTO consulting for enterprise velocity bottlenecks",,,,phantom,unknown,0
https://theabdulrehman.com/blog/enterprise-ai-projects-stall-hidden-reason,"rescuing stalled enterprise AI projects",,,,phantom,unscanned,0
https://primestrides.com/blog/legacy-system-invisible-tax-costing-400k-annually,"business value of technical debt remediation",,,,phantom,unknown,0
https://theabdulrehman.com/blog/cost-of-delaying-net-modernization-for-ai-pharma-cios,"cost of delaying .net modernization for ai",,,,phantom,unknown,0
https://primestrides.com/blog/cut-compliance-fines-ai-automation,"Reduce financial compliance fines with AI",,,,phantom,indexed,0
https://primestrides.com/blog/pharma-ai-stalls-beyond-data,"cto advisory for overcoming ai implementation challenges",,,,phantom,unknown,0
https://theabdulrehman.com/blog/pharma-ai-breakthroughs-without-full-time-cto,"virtual cto services in dubai",,,,phantom,unscanned,0
https://theabdulrehman.com/blog/enterprise-ai-tools-hidden-financial-risk-vetting,"financial risk of unvetted ai tools in banking",,,,phantom,indexed,0
https://primestrides.com/blog/7-hidden-performance-bottlenecks-enterprise-costs,"enterprise web application technical performance audit",,,,phantom,unknown,0
https://primestrides.com/blog/7-mistakes-hiring-startup-devs,"how to hire developers for startups",,,,phantom,unknown,0
https://theabdulrehman.com/blog/cut-operational-costs-ai-automation,"workflow automation development",,,,phantom,unscanned,0
https://primestrides.com/blog/generic-inventory-software-costing-millions,"customer reviews for inventory management software",,,,phantom,unscanned,0
https://primestrides.com/blog/custom-crm-development-malaysia-growth,"custom crm development malaysia",,,,phantom,unknown,0